{
  "accuracy": 0.9538461538461539,
  "classification_report": {
    "non_member": {
      "precision": 0.9523809523809523,
      "recall": 0.975609756097561,
      "f1-score": 0.963855421686747,
      "support": 41.0
    },
    "cluster_member": {
      "precision": 0.9565217391304348,
      "recall": 0.9166666666666666,
      "f1-score": 0.9361702127659575,
      "support": 24.0
    },
    "accuracy": 0.9538461538461539,
    "macro avg": {
      "precision": 0.9544513457556936,
      "recall": 0.9461382113821137,
      "f1-score": 0.9500128172263522,
      "support": 65.0
    },
    "weighted avg": {
      "precision": 0.9539098582576844,
      "recall": 0.9538461538461539,
      "f1-score": 0.9536331907006094,
      "support": 65.0
    }
  },
  "confusion_matrix": [
    [
      40,
      1
    ],
    [
      2,
      22
    ]
  ],
  "feature_importance": {
    "center_brightness": 0.0980955886709747,
    "mean_g": 0.08501322683652253,
    "mean_brightness": 0.06912625963762524,
    "std_brightness": 0.06536116321848497,
    "edge_brightness": 0.06510128643043649,
    "g_b_ratio": 0.06455387556832369,
    "r_b_ratio": 0.0629607804356407,
    "max_brightness": 0.06179250905256646,
    "mean_b": 0.05811726075658432,
    "mean_r": 0.05491415245204544,
    "r_g_ratio": 0.03318604829848669,
    "redness": 0.032632960722340974,
    "median_brightness": 0.03245487586548831,
    "energy": 0.026810773871775467,
    "r_b_diff": 0.019276260350848604,
    "center_edge_ratio": 0.018338457747502816,
    "r_g_diff": 0.016096027381313528,
    "minor_axis": 0.012432808203131317,
    "homogeneity": 0.012318039832143779,
    "aspect_ratio": 0.012075214315687753,
    "normalized_distance": 0.011148963391397607,
    "eccentricity": 0.011088866099530461,
    "dissimilarity": 0.009985891465477134,
    "major_axis": 0.009925665697191494,
    "perimeter": 0.008967809991983459,
    "correlation": 0.008235184762029148,
    "circularity": 0.007797171968073546,
    "area": 0.007273733222033738,
    "contrast": 0.006868637052115205,
    "distance_from_center": 0.006755027644174452,
    "solidity": 0.006080032256738644,
    "extent": 0.005215446801331354
  }
}